{
  "tracker_capture_item": {
    "type": "container",
    "content": {
      "type": "itemgrid",
      "h_alignment": "center",
      "item_margin": "0,0,10,5",
      "rows": [
        [ "rod", "slingshot", "lantern", "boomerang", "irons", "bow" ],
        [ "bomb1", "bomb2", "bomb3", "hawkeye", "clawshot", "spinner" ],
        [ "chainball", "brokedominion", "bottle1", "bottle2", "bottle3", "bottle4" ],
        [ "entry", "charm", "bugs", "sword1", "sword3", "shadcrystal" ],
        [ "poh", "container", "soul", "skills", "shield2", "shield3" ],
        [ "wallet", "letters", "scent1", "greentunic", "bluetunic", "redtunic" ]
      ]
    }
  }
}