{
  "item_grid_tall": {
    "type": "array",
    "orientation": "vertical",
    "content": [
      {
        "type": "itemgrid",
        "h_alignment": "left",
        "item_size": 36,
        "item_margin": "0,0,10,5",
        "rows": [
          [ "rod", "slingshot", "lantern", "boomerang", "irons", "bow" ],
          [ "bomb1", "bomb2", "bomb3", "hawkeye", "clawshot", "spinner" ],
          [ "chainball", "brokedominion", "bottle1", "bottle2", "bottle3", "bottle4" ],
          [ "entry", "charm", "bugs", "sword1", "sword3", "shadcrystal" ],
          [ "poh", "container", "soul", "skills", "shield2", "shield3" ],
          [ "wallet", "letters", "scent1", "greentunic", "bluetunic", "redtunic" ]
        ]
      },
      {
        "type": "itemgrid",
        "h_alignment": "center",
        "item_margin": "0,0,10,5",
        "item_height": 50,
        "item_width": 36,
        "margin": "0,0",
        "rows": [
          [ "shard1", "shard2", "shard3", "shard4" ]
        ]
      },
      {
        "type": "array",
        "orientation": "vertical",
        "content": [
          {
            "type": "array",
            "orientation": "vertical",
            "content": [
              {
                "type": "itemgrid",
                "h_alignment": "center",
                "item_margin": "0,5",
                "item_height": 50,
                "item_width": 36,
                "margin": "0,3",
                "badge_font_size": 10,
                "rows": [
                  [ "shad1" ],
                  [ "shad2" ],
                  [ "shad3" ]
                ]
              }
            ]
          }
        ]
      },
      {
        "type": "layout",
        "key": "dungeon_grid_tall"
      }
    ]
  },
  "item_grid_wide": {
    "type": "array",
    "orientation": "vertical",
    "content": [
      {
        "type": "itemgrid",
        "h_alignment": "left",
        "item_size": 36,
        "item_margin": "0,0,10,5",
        "rows": [
          [ "rod", "slingshot", "lantern", "boomerang", "irons", "bow" ],
          [ "bomb1", "bomb2", "bomb3", "hawkeye", "clawshot", "spinner" ],
          [ "chainball", "brokedominion", "bottle1", "bottle2", "bottle3", "bottle4" ],
          [ "entry", "charm", "bugs", "sword1", "sword3", "shadcrystal" ],
          [ "poh", "container", "soul", "skills", "shield2", "shield3" ],
          [ "wallet", "postman", "scent1", "greentunic", "bluetunic", "redtunic" ]
        ]
      },
      {
        "type": "layout",
        "key": "dungeon_grid_wide"
      }
    ]
  }
}