[
  {
    "name": "Ordon Village",
    "parent": "Ordon Provence",
    "chest_unopened_img": "images/chest_closed.png",
    "chest_opened_img": "images/chest_open.png",
    "sections": [
      {
        "name": "Wooden Sword Chest",
        "short_name": "Wooden Sword",
        "item_count": 1,
        "access_rules": [
          "rod"
        ]
      },
      {
        "name": "Link's House Basement Chest",
        "short_name": "Basement Chest",
        "access_rules": [
          "lantern"
        ],
        "item_count": 1
      },
      {
        "name": "Fishing Rod",
        "short_name": "Rod",
        "item_count": 1,
        "chest_unopened_img": "images/rod.png",
        "chest_opened_img": "images/rod_grey.png"
      },
      {
        "name": "Sera's Bottle",
        "short_name": "Bottle 1",
        "access_rules": [
          "rod"
        ],
        "chest_unopened_img": "images/bottle-empty.png",
        "chest_opened_img": "images/bottle-grey.png",
        "item_count": 1
      },
      {
        "name": "Slingshot",
        "short_name": "Slingshot",
        "access_rules": [
          "rod"
        ],
        "item_count": 1,
        "chest_unopened_img": "images/slingshot.png",
        "chest_opened_img": "images/slingshot-grey.png"
      },
      {
        "name": "Ordon Shield",
        "short_name": "Ordon Shield",
        "chest_unopened_img": "images/ordon-shield.png",
        "chest_opened_img": "images/ordon-shield-grey.png",
        "item_count": 1
      },
      {
        "name": "Ordon Sword",
        "short_name": "Ordon Sword",
        "chest_unopened_img": "images/ordon-sword.png",
        "chest_opened_img": "images/ordon-sword-grey.png",
        "item_count": 1
      },
      {
        "name": "Iron Boots Chest",
        "short_name": "Iron Boots",
        "item_count": 1
      }
    ],
    "map_locations": [
      {
        "map": "Main",
        "x": 666,
        "y": 1073
      }
    ]
  },
  {
    "name": "Forest Temple",
    "parent": "North Faron Woods",
    "chest_unopened_img": "images/chest_closed.png",
    "chest_opened_img": "images/chest_open.png",
    "access_rules": [
      "$canAccessForest"
    ],
    "sections": [
      {
        "name": "Entrance Vines Chest",
        "short_name": "Entrance Vines",
        "item_count": 1,
        "access_rules": [
          "$canAccessForest, bow",
          "$canAccessForest, slingshot",
          "$canAccessForest, clawshot",
          "$canAccessForest, boomerang",
          "$canAccessForest, chainball"
        ]
      },
      {
        "name": "Central Chest Behind Stairs",
        "short_name": "Lobby Behind Stairs",
        "item_count": 1,
        "access_rules": [
          "lantern"
        ]
      },
      {
        "name": "Dungeon Map Chest",
        "short_name": "Forest Map",
        "item_count": 1,
        "access_rules": [
          "lantern"
        ]
      },
      {
        "name": "Ooccoo",
        "short_name": "Ooccoo",
        "item_count": 1,
        "access_rules": [
          "lantern"
        ]
      },
      {
        "name": "Windless Bridge Chest",
        "short_name": "Windless Bridge Chest",
        "item_count": 1,
        "access_rules": [
          "lantern"
        ]
      },
      {
        "name": "Second Monkey Under Bridge Chest",
        "short_name": "Second Monkey Chest",
        "item_count": 1,
        "access_rules": [
          "lantern"
        ]
      },
      {
        "name": "Totem Pole Chest",
        "short_name": "Totem Pole Chest",
        "item_count": 1,
        "access_rules": [
          "lantern"
        ]
      },
      {
        "name": "West Tile Worm Small Chest",
        "short_name": "West Tile Worm Small Chest",
        "item_count": 1,
        "access_rules": [
          "lantern"
        ]
      },
      {
        "name": "Deku Like Piece of Heart",
        "short_name": "Deku Like PoH",
        "item_count": 1,
        "access_rules": [
          "lantern"
        ]
      },
      {
        "name": "Big Baba Small Key",
        "short_name": "Baba Small Key",
        "access_rules": [
          "$canAccessForest, bow",
          "$canAccessForest, slingshot",
          "$canAccessForest, clawshot",
          "$canAccessForest, boomerang",
          "$canAccessForest, chainball"
        ],
        "item_count": 1
      },
      {
        "name": "Gale Boomerang",
        "short_name": "Boomerang",
        "access_rules": [
          "$canAccessForest, bow",
          "$canAccessForest, slingshot",
          "$canAccessForest, clawshot",
          "$canAccessForest, boomerang",
          "$canAccessForest, chainball"
        ],
        "chest_unopened_img": "images/boomerang.png",
        "chest_opened_img": "images/boomerang-grey.png",
        "item_count": 1
      },
      {
        "name": "West Tile Worm Heart Piece",
        "short_name": "West Tile Worm Heart Piece",
        "access_rules": [
          "boomerang,lantern"
        ],
        "item_count": 1
      },
      {
        "name": "Compass Chest",
        "short_name": "Forest Compass",
        "access_rules": [
          "boomerang","cs","chainball"
        ],
        "item_count": 1
      },
      {
        "name": "Big Key Chest",
        "short_name": "Forest Big Key",
        "access_rules": [
          "boomerang,lantern"
        ],
        "item_count": 1
      },
      {
        "name": "Water Cave Near Big Key",
        "short_name": "Water Cave Near Big Key",
        "access_rules": [
          "lantern"
        ],
        "item_count": 1
      },
      {
        "name": "North Deku Like Chest",
        "short_name": "North Deku Like Chest",
        "access_rules": [
          "boomerang,lantern"
        ],
        "item_count": 1
      },
      {
        "name": "East Tile Worm Chest",
        "short_name": "East Tile Worm Chest",
        "access_rules": [
          "boomerang,lantern"
        ],
        "item_count": 1
      },
      {
        "name": "Diababa",
        "short_name": "Diababa",
        "access_rules": [
          "boomerang,lantern"
        ],
        "chest_unopened_img": "images/HC.png",
        "chest_opened_img": "images/HC-grey.png",
        "item_count": 1

      }
    ],
    "map_locations": [
      {
        "map": "Main",
        "x": 570.96,
        "y": 827.5
      }
    ]
  },
  {
    "name": "Goron Mines",
    "parent": "Death Mountain",
    "access_rules": [
      "$canAccessMines"
    ],
    "chest_unopened_img": "images/chest_closed.png",
    "chest_opened_img": "images/chest_open.png",
    "sections": [
      {
        "name": "Entrance Small Chest",
        "short_name": "Entrance Small Chest",
        "item_count": 1
      },
      {
        "name": "Main Magnet Room Bottom Room Chest",
        "short_name": "Magnet Room Lower Chest",
        "item_count": 1,
        "access_rules": [
          "irons"
        ]
      },
      {
        "name": "Gor Amato Key Shard",
        "short_name": "Gor Amato Key Shard",
        "access_rules": [
          "irons"
        ],
        "item_count": 1
      },
      {
        "name": "Dungeon Map Chest",
        "short_name": "Mines Map",
        "item_count": 1,
        "access_rules": [
          "irons"
        ]
      },
      {
        "name": "Gor Amato Small Chest",
        "short_name": "Gor Amato Small Chest",
        "access_rules": [
          "irons"
        ],
        "item_count": 1
      },
      {
        "name": "Magnet Maze Heart Piece",
        "short_name": "Magnet Maze Heart Piece",
        "access_rules": [
          "irons"
        ],
        "item_count": 1
      },
      {
        "name": "Switch Room Underwater Chest",
        "short_name": "Switch Room Underwater Chest",
        "access_rules": [
          "irons"
        ],
        "item_count": 1
      },
      {
        "name": "Switch Room Small Chest",
        "short_name": "Switch Room Small Chest",
        "access_rules": [
          "irons"
        ],
        "item_count": 1
      },
      {
        "name": "After Switch Room Heart Piece",
        "short_name": "After Switch Room Heart Piece",
        "access_rules": [
          "irons"
        ],
        "item_count": 1
      },
      {
        "name": "Outside Beamos Chest",
        "short_name": "Outside Beamos Chest",
        "access_rules": [
          "irons"
        ],
        "item_count": 1
      },
      {
        "name": "Gor Ebizo Key Shard",
        "short_name": "Gor Epizo Key Shard",
        "access_rules": [
          "irons"
        ],
        "item_count": 1
      },
      {
        "name": "Gor Ebizo Small Chest",
        "short_name": "Gor Ebizo Small Chest",
        "access_rules": [
          "irons"
        ],
        "item_count": 1
      },
      {
        "name": "Ooccoo",
        "short_name": "Ooccoo",
        "access_rules": [
          "irons"
        ],
        "item_count": 1
      },
      {
        "name": "Small Chest Before Dangoro",
        "short_name": "Small Chest Before Dangoro",
        "access_rules": [
          "irons"
        ],
        "item_count": 1
      },
      {
        "name": "Bow Chest",
        "short_name": "Bow Chest",
        "access_rules": [
          "irons"
        ],
        "item_count": 1
      },
      {
        "name": "Compass Chest",
        "short_name": "Mines Compass",
        "access_rules": [
          "irons, bow"
        ],
        "item_count": 1
      },
      {
        "name": "Gor Liggs Key Shard",
        "short_name": "Gor Liggs Key Shard",
        "access_rules": [
          "irons, bow"
        ],
        "item_count": 1
      },
      {
        "name": "Gor Liggs Chest",
        "short_name": "Gor Liggs Chest",
        "access_rules": [
          "irons, bow"
        ],
        "item_count": 1
      },
      {
        "name": "Main Magnet Room Top Chest",
        "short_name": "Main Magnet Room Top Chest",
        "access_rules": [
          "irons, bow"
        ],
        "item_count": 1
      },
      {
        "name": "Outside Underwater Chest",
        "short_name": "Outside Underwater Chest",
        "access_rules": [
          "irons"
        ],
        "item_count": 1
      },
      {
        "name": "Outside Clawshot Chest",
        "short_name": "Outside Clawshot Chest",
        "access_rules": [
          "irons, clawshot"
        ],
        "item_count": 1
      },
      {
        "name": "Fryus",
        "access_rules": [
          "irons,bow"
        ],
        "chest_unopened_img": "images/HC.png",
        "chest_opened_img": "images/HC_grey.png",
        "item_count": 1
      }
    ],
    "map_locations": [
      {
        "map": "Main",
        "x": 1030.92,
        "y": 477
      }
    ]
  },
  {
    "name": "Lakebed Temple",
    "parent": "Lake Hylia Bottoms",
    "access_rules": [
      "$canAccessLakebed"
    ],
    "chest_unopened_img": "images/chest_closed.png",
    "chest_opened_img": "images/chest_open.png",
    "sections": [
      {
        "name": "Lobby Left Chest",
        "short_name": "Lobby Left",
        "item_count": 1
      },
      {
        "name": "Lobby Rear Chest",
        "short_name": "Lobby Rear",
        "item_count": 1
      },
      {
        "name": "Stalactite Room Small Chest",
        "short_name": "Stalactite Room Small",
        "access_rules": [
          "$shoot_pew"
        ],
        "item_count": 1
      },
      {
        "name": "Central Room Small Chest",
        "short_name": "Central Room Small",
        "access_rules": [
          "$shoot_pew"
        ],
        "item_count": 1
      },
      {
        "name": "Dungeon Map Chest",
        "short_name": "Map",
        "access_rules": [
          "$shoot_pew"
        ],
        "item_count": 1
      },
      {
        "name": "Ooccoo",
        "short_name": "Ooccoo",
        "access_rules": [
          "$shoot_pew"
        ],
        "item_count": 1
      },
      {
        "name": "East Stalactite Room Chest",
        "short_name": "East Stalactite Room",
        "access_rules": [
          "$shoot_pew"
        ],
        "item_count": 1
      },
      {
        "name": "East Second Floor Southwest Chest",
        "short_name": "East Second Floor Southwest",
        "access_rules": [
          "$shoot_pew"
        ],
        "item_count": 1
      },
      {
        "name": "East Water Supply Small Chest",
        "short_name": "East Water Supply Small",
        "access_rules": [
          "$shoot_pew"
        ],
        "item_count": 1
      },
      {
        "name": "Before Deku Toad Chest",
        "short_name": "Before Deku Toad",
        "access_rules": [
          "$shoot_pew"
        ],
        "item_count": 1
      },
      {
        "name": "Before Deku Toad Submerged Left Chest",
        "short_name": "Before Deku Toad Submerged Left",
        "access_rules": [
          "$shoot_pew"
        ],
        "item_count": 1
      },
      {
        "name": "Before Deku Toad Submerged Right Chest",
        "short_name": "Before Deku Toad Submerged Right",
        "access_rules": [
          "$shoot_pew"
        ],
        "item_count": 1
      },
      {
        "name": "Clawshot Chest",
        "short_name": "Clawshot",
        "access_rules": [
          "$shoot_pew"
        ],
        "item_count": 1
      },
      {
        "name": "West Chest next to Water Wheel",
        "short_name": "West Chest next to water wheel",
        "access_rules": [
          "$can_smash"
        ],
        "item_count": 1
      },
      {
        "name": "Central Room Center Spire Chest",
        "short_name": "Central Room Center Spire",
        "access_rules": [
          "$shoot_pew"
        ],
        "item_count": 1
      },
      {
        "name": "East Water Supply Clawshot Chest",
        "short_name": "East Water Supply Clawshot",
        "access_rules": [
          "$shoot_pew, clawshot"
        ],
        "item_count": 1
      },
      {
        "name": "Central Room Chandelier Heart Piece",
        "short_name": "Central Room Chandelier Heart Piece",
        "access_rules": [
          "$shoot_pew, clawshot"
        ],
        "item_count": 1
      },
      {
        "name": "West Lower Small Chest",
        "short_name": "West Lower Small",
        "access_rules": [
          "$shoot_pew, clawshot"
        ],
        "item_count": 1
      },
      {
        "name": "West Water Supply Small Chest",
        "short_name": "West Water Supply Small",
        "access_rules": [
          "$shoot_pew, clawshot"
        ],
        "item_count": 1
      },
      {
        "name": "Compass Chest",
        "short_name": "Compass",
        "access_rules": [
          "$shoot_pew, clawshot"
        ],
        "item_count": 1
      },
      {
        "name": "West Second Floor Southwest Underwater Chest",
        "short_name": "West Second Floor Southwest Underwater",
        "access_rules": [
          "$shoot_pew, clawshot"
        ],
        "item_count": 1
      },
      {
        "name": "West Second Floor Central Small Chest",
        "short_name": "West Second Floor Central Small",
        "access_rules": [
          "$shoot_pew, clawshot"
        ],
        "item_count": 1
      },
      {
        "name": "West Second Floor Northeast Chest",
        "short_name": "West Second Floor Northeast",
        "access_rules": [
          "$shoot_pew, clawshot"
        ],
        "item_count": 1
      },
      {
        "name": "West Second Floor Southeast Chest",
        "short_name": "West Second Floor Southeast",
        "access_rules": [
          "$shoot_pew, clawshot"
        ],
        "item_count": 1
      },
      {
        "name": "Big Key Chest",
        "short_name": "Big Key",
        "access_rules": [
          "$shoot_pew, clawshot"
        ],
        "item_count": 1
      },
      {
        "name": "West Water Maze Small Chest",
        "short_name": "West Water Maze Small",
        "access_rules": [
          "$shoot_pew, clawshot"
        ],
        "item_count": 1
      },
      {
        "name": "East Stalactite Room Heart Piece",
        "short_name": "East Stalactite Room Heart Piece",
        "access_rules": [
          "$shoot_pew, clawshot"
        ],
        "item_count": 1
      },
      {
        "name": "Morpheel",
        "short_name": "Morpheel",
        "access_rules": [
          "$shoot_pew, clawshot"
        ],
        "item_count": 1
      }
    ],
    "map_locations": [
      {
        "map": "Main",
        "x": 483.96,
        "y": 597
      }
    ]
  },
  {
    "name": "Arbiter's Grounds",
    "parent": "Gerudo Desert",
    "access_rules": [
      "shadcrystal"
    ],
    "chest_unopened_img": "images/chest_closed.png",
    "chest_opened_img": "images/chest_open.png",
    "sections": [
      {
        "name": "Entrance Chest",
        "item_count": 1
      },
      {
        "name": "Lobby Heart Piece Chest",
        "access_rules": [
          "lantern"
        ],
        "item_count": 1
      },
      {
        "name": "East Redead Lower Small Chest",
        "access_rules": [
          "lantern,shadcrystal"
        ],
        "item_count": 1
      },
      {
        "name": "Compass Chest",
        "access_rules": [
          "lantern"
        ],
        "item_count": 1
      },
      {
        "name": "Map Chest",
        "access_rules": [
          "lantern"
        ],
        "item_count": 1
      },
      {
        "name": "East Upper Turnable Redead Chest",
        "access_rules": [
          "lantern"
        ],
        "item_count": 1
      },
      {
        "name": "Ghoul Rat Chest",
        "access_rules": [
          "lantern"
        ],
        "item_count": 1
      },
      {
        "name": "West Small Chest Behind Block",
        "access_rules": [
          "lantern"
        ],
        "item_count": 1
      },
      {
        "name": "West Chandelier Chest",
        "access_rules": [
          "lantern"
        ],
        "item_count": 1
      },
      {
        "name": "Stalfos West Small Chest",
        "access_rules": [
          "lantern"
        ],
        "item_count": 1
      },
      {
        "name": "Stalfos Northeast Small Chest",
        "access_rules": [
          "lantern"
        ],
        "item_count": 1
      },
      {
        "name": "North Turnable Chest",
        "access_rules": [
          "lantern, $can_smash, shadcrystal"
        ],
        "item_count": 1
      },
      {
        "name": "Spinner Chest",
        "short_name": "Spinner",
        "access_rules": [
          "lantern, $can_smash, shadcrystal"
        ],
        "item_count": 1
      },
      {
        "name": "Ooccoo",
        "short_name": "Ooccoo",
        "access_rules": [
          "lantern, $can_smash, shadcrystal, spinner"
        ],
        "item_count": 1
      },
      {
        "name": "Spinner Room First Small Chest",
        "access_rules": [
          "lantern, $can_smash, shadcrystal, spinner"
        ],
        "item_count": 1
      },
      {
        "name": "Spinner Room Second Small Chest",
        "access_rules": [
          "lantern, $can_smash, shadcrystal, spinner"
        ],
        "item_count": 1
      },
      {
        "name": "Spinner Room Lower Central Small Chest",
        "access_rules": [
          "lantern, $can_smash, shadcrystal, spinner"
        ],
        "item_count": 1
      },
      {
        "name": "Spinner Room Heart Piece Chest",
        "access_rules": [
          "lantern, $can_smash, shadcrystal, spinner"
        ],
        "item_count": 1
      },
      {
        "name": "Spinner Room Lower North Chest",
        "access_rules": [
          "lantern, $can_smash, shadcrystal, spinner"
        ],
        "item_count": 1
      },
      {
        "name": "Big Key Chest",
        "access_rules": [
          "lantern, $can_smash, shadcrystal, spinner"
        ],
        "item_count": 1
      },
      {
        "name": "Stalord",
        "access_rules": [
          "lantern, $can_smash, shadcrystal, spinner"
        ],
        "chest_unopened_img": "images/HC.png",
        "chest_opened_img": "images/HC_grey.png",
        "item_count": 1
      }
    ],
    "map_locations": [
      {
        "map": "Main",
        "x": 180.4,
        "y": 518
      }
    ]
  },
  {
    "name": "Snowpeak Ruins",
    "parent": "Snowpeak Mountain",
    "access_rules": [
      "earring"
    ],
    "chest_unopened_img": "images/chest_closed.png",
    "chest_opened_img": "images/chest_open.png",
    "sections": [
      {
        "name": "Entrance Left Armor Small Chest",
        "access_rules": [
          "chainball"
        ],
        "item_count": 1
      },
      {
        "name": "Entrance Right Armor Small Chest",
        "access_rules": [
          "chainball"
        ],
        "item_count": 1
      },
      {
        "name": "Dungeon Map",
        "access_rules": [
        ],
        "item_count": 1
      },
      {
        "name": "Ooccoo",
        "access_rules": [
        ],
        "item_count": 1
      },
      {
        "name": "Courtyard Partially Buried Small Chest",
        "access_rules": [
        ],
        "item_count": 1
      },
      {
        "name": "Courtyard Open Chest",
        "access_rules": [
        ],
        "item_count": 1
      },
      {
        "name": "Ordon Pumpkin Chest",
        "access_rules": [
        ],
        "item_count": 1
      },
      {
        "name": "Courtyard Buried Small Chest",
        "access_rules": [
        ],
        "item_count": 1
      },
      {
        "name": "Wooden Beam Room Small Chest",
        "access_rules": [
        ],
        "item_count": 1
      },
      {
        "name": "Compass Chest",
        "access_rules": [
        ],
        "item_count": 1
      },
      {
        "name": "Courtyard South Ice Wall Small Chest",
        "access_rules": [
          "$can_smash"
        ],
        "item_count": 1
      },
      {
        "name": "Ball and Chain",
        "access_rules": [
          "$can_smash"
        ],
        "item_count": 1
      },
      {
        "name": "Goat Cheese Chest",
        "access_rules": [
          "chainball"
        ],
        "item_count": 1
      },
      {
        "name": "West Breakable Floor Heart Piece",
        "access_rules": [
          "chainball"
        ],
        "item_count": 1
      },
      {
        "name": "Wooden Beam Room Chandelier Chest",
        "access_rules": [
          "chainball"
        ],
        "item_count": 1
      },
      {
        "name": "Entrance Chandelier Heart Piece Chest",
        "access_rules": [
          "chainball"
        ],
        "item_count": 1
      },
      {
        "name": "East Chilfos Chandelier Chest",
        "access_rules": [
          "chainball, cs"
        ],
        "item_count": 1
      },
      {
        "name": "West Cannon Storage Left Small Chest",
        "access_rules": [
          "chainball"
        ],
        "item_count": 1
      },
      {
        "name": "West Cannon Storage Right Small Chest",
        "access_rules": [
          "$can_smash"
        ],
        "item_count": 1
      },
      {
        "name": "Bedroom Key",
        "access_rules": [
          "$has_explosives, chainball"
        ],
        "item_count": 1
      },
      {
        "name": "Blizzeta",
        "access_rules": [
          "$has_explosives, chainball"
        ],
        "chest_unopened_img": "images/HC.png",
        "chest_opened_img": "images/HC_grey.png",
        "item_count": 1
      }
    ],
    "map_locations": [
      {
        "map": "Main",
        "x": 255.72,
        "y": 358
      }
    ]
  },
  {
    "name": "Temple of Time",
    "access_rules": [
      "$canAccessToT"
    ],
    "chest_unopened_img": "images/chest_closed.png",
    "chest_opened_img": "images/chest_open.png",
    "sections": [
      {
        "name": "Lobby Lanturn Chest",
        "access_rules": [
          "lantern"
        ],
        "item_count": 1
      },
      {
        "name": "First Stair Window Small Chest",
        "access_rules": [
        ],
        "item_count": 1
      },
      {
        "name": "Dungeon Map Chest",
        "access_rules": [
        ],
        "item_count": 1
      },
      {
        "name": "Ooccoo",
        "access_rules": [
        ],
        "item_count": 1
      },
      {
        "name": "Armos Room Left Chest",
        "access_rules": [
          "spinner"
        ],
        "item_count": 1
      },
      {
        "name": "Compass Chest",
        "access_rules": [
          "spinner"
        ],
        "item_count": 1
      },
      {
        "name": "Scale Room Spider Chest",
        "access_rules": [
          "spinner"
        ],
        "item_count": 1
      },
      {
        "name": "Third Stair Swinging Gilloutine Chest",
        "access_rules": [
          "spinner"
        ],
        "item_count": 1
      },
      {
        "name": "Third Stair Window Chest",
        "access_rules": [
          "spinner"
        ],
        "item_count": 1
      },
      {
        "name": "Dominion Rod",
        "access_rules": [
          "spinner"
        ],
        "item_count": 1
      },
      {
        "name": "Scale Room Upper Chest",
        "access_rules": [
          "spinner, dominion"
        ],
        "item_count": 1
      },
      {
        "name": "Helmasaur Room Small Chest",
        "access_rules": [
          "spinner, dominion"
        ],
        "item_count": 1
      },
      {
        "name": "Big Key Chest",
        "access_rules": [
          "spinner, dominion"
        ],
        "item_count": 1
      },
      {
        "name": "Second Stair Heart Piece Chest",
        "access_rules": [
          "spinner, dominion"
        ],
        "item_count": 1
      },
      {
        "name": "Armos Room South Chest",
        "access_rules": [
          "spinner"
        ],
        "item_count": 1
      },
      {
        "name": "Armos Room Heart Piece Chest",
        "access_rules": [
          "spinner, dominion"
        ],
        "item_count": 1
      },
      {
        "name": "Armagohma",
        "access_rules": [
          "spinner, dominion"
        ],
        "chest_unopened_img": "images/HC.png",
        "chest_opened_img": "images/HC_grey.png",
        "item_count": 1
      }
    ],
    "map_locations": [
      {
        "map": "Main",
        "x": 525.96,
        "y": 792
      }
    ]
  },
  {
    "name": "City In The Sky",
    "access_rules": [
      "cs"
    ],
    "chest_unopened_img": "images/chest_closed.png",
    "chest_opened_img": "images/chest_open.png",
    "sections": [
      {
        "name": "Underwater Southwest Chest",
        "access_rules": [
          "irons"
        ],
        "item_count": 1
      },
      {
        "name": "Underwater Southeast Chest",
        "access_rules": [
          "irons"
        ],
        "item_count": 1
      },
      {
        "name": "Ooccoo in CitS Shop",
        "access_rules": [
        ],
        "item_count": 1
      },
      {
        "name": "West First Chest",
        "access_rules": [
          "spinner"
        ],
        "item_count": 1
      },
      {
        "name": "Dungeon Map Chest",
        "access_rules": [
          "spinner, irons"
        ],
        "item_count": 1
      },
      {
        "name": "East Tile Worm Small Chest",
        "access_rules": [
          "spinner, irons"
        ],
        "item_count": 1
      },
      {
        "name": "East After Dinalfos Small Chest",
        "access_rules": [
          "spinner, irons"
        ],
        "item_count": 1
      },
      {
        "name": "East After Dinalfos Chest",
        "access_rules": [
          "spinner, irons"
        ],
        "item_count": 1
      },
      {
        "name": "Double Clawshot",
        "access_rules": [
          "spinner, irons"
        ],
        "item_count": 1
      },
      {
        "name": "Compass Chest",
        "access_rules": [
          "spinner, dcs"
        ],
        "item_count": 1
      },
      {
        "name": "West Baba Serpent Alcove Chest",
        "access_rules": [
          "spinner, dcs"
        ],
        "item_count": 1
      },
      {
        "name": "West Narrow Ledge Chest",
        "access_rules": [
          "spinner, dcs"
        ],
        "item_count": 1
      },
      {
        "name": "West Tile Worm Small Chest",
        "access_rules": [
          "spinner, dcs"
        ],
        "item_count": 1
      },
      {
        "name": "Big Baba Tower West Small Chest",
        "access_rules": [
          "spinner, dcs"
        ],
        "item_count": 1
      },
      {
        "name": "Big Baba Tower North Small Chest",
        "access_rules": [
          "spinner, dcs"
        ],
        "item_count": 1
      },
      {
        "name": "Big Baba Tower Heart Piece Chest",
        "access_rules": [
          "spinner, dcs"
        ],
        "item_count": 1
      },
      {
        "name": "West Gardens Small Chest",
        "access_rules": [
          "spinner, dcs"
        ],
        "item_count": 1
      },
      {
        "name": "West Gardens Poe Island Chest",
        "access_rules": [
          "spinner, dcs"
        ],
        "item_count": 1
      },
      {
        "name": "West Gardens Lower Small Chest",
        "access_rules": [
          "spinner, dcs"
        ],
        "item_count": 1
      },
      {
        "name": "West Gardens Heart Piece Chest",
        "access_rules": [
          "spinner, dcs"
        ],
        "item_count": 1
      },
      {
        "name": "Central Outside Small Chest",
        "access_rules": [
          "spinner, dcs"
        ],
        "item_count": 1
      },
      {
        "name": "Central Outside Poe Chest",
        "access_rules": [
          "spinner, dcs"
        ],
        "item_count": 1
      },
      {
        "name": "Big Key Chest",
        "access_rules": [
          "spinner, dcs"
        ],
        "item_count": 1
      },
      {
        "name": "Central Upper Small Chest",
        "access_rules": [
          "spinner, dcs"
        ],
        "item_count": 1
      },
      {
        "name": "North Fan Chest",
        "access_rules": [
          "spinner, irons, dcs"
        ],
        "item_count": 1
      },
      {
        "name": "Argorok",
        "access_rules": [
          "spinner, irons, dcs"
        ],
        "chest_unopened_img": "images/HC.png",
        "chest_opened_img": "images/HC_grey.png",
        "item_count": 1
      }
    ],
    "map_locations": [
      {
        "map": "Main",
        "x": 456,
        "y": 632
      }
    ]
  },
  {
    "name": "Palace of Twilight",
    "parent": "Mirror Chamber",
    "chest_unopened_img": "images/chest_closed.png",
    "chest_opened_img": "images/chest_open.png",
    "access_rules": [
      "$canAccessPoT"
    ],
    "sections": [
      {
        "name": "West First Room Central Chest",
        "item_count": 1
      },
      {
        "name": "West First Room Heart Piece Chest",
        "access_rules": [
          "cs"
        ],
        "item_count": 1
      },
      {
        "name": "West Second Room Central Chest",
        "access_rules": [
          "cs"
        ],
        "item_count": 1
      },
      {
        "name": "Compass Chest",
        "access_rules": [
          "cs"
        ],
        "item_count": 1
      },
      {
        "name": "West Second Room Southeast Chest",
        "access_rules": [
          "dcs"
        ],
        "item_count": 1
      },
      {
        "name": "East First Room Small Chest",
        "access_rules": [
          "cs"
        ],
        "item_count": 1
      },
      {
        "name": "East First Room North Chest",
        "access_rules": [
          "cs"
        ],
        "item_count": 1
      },
      {
        "name": "East Second Room Northeast Small Chest",
        "access_rules": [
          "dcs"
        ],
        "item_count": 1
      },
      {
        "name": "East Second Room Northwest Chest",
        "access_rules": [
          "dcs"
        ],
        "item_count": 1
      },
      {
        "name": "Dungeon Map Chest",
        "access_rules": [
          "dcs"
        ],
        "item_count": 1
      },
      {
        "name": "East Second Room Southeast Chest",
        "access_rules": [
          "dcs"
        ],
        "item_count": 1
      },
      {
        "name": "East First Room Heart Piece Chest",
        "access_rules": [
          "dcs"
        ],
        "item_count": 1
      },
      {
        "name": "East First Room West Chest",
        "access_rules": [
          "dcs"
        ],
        "item_count": 1
      },
      {
        "name": "Central First Room Chest",
        "access_rules": [
          "dcs,sword4"
        ],
        "item_count": 1
      },
      {
        "name": "Big Key Chest",
        "access_rules": [
          "dcs,sword4"
        ],
        "item_count": 1
      },
      {
        "name": "Central Outdoor Chest",
        "access_rules": [
          "dcs,sword4"
        ],
        "item_count": 1
      },
      {
        "name": "Central Tower Chest",
        "access_rules": [
          "dcs,sword4"
        ],
        "item_count": 1
      },
      {
        "name": "Zant",
        "access_rules": [
          "dcs,sword4,boomerang,irons,zoratunic,chainball,"
        ],
        "chest_unopened_img": "images/HC.png",
        "chest_opened_img": "images/HC_grey.png",
        "item_count": 1
      }
    ],
    "map_locations": [
      {
        "map": "Main",
        "x": 180,
        "y": 468
      }
    ]
  },
  {
    "name": "Hyrule Castle",
    "chest_unopened_img": "images/chest_closed.png",
    "chest_opened_img": "images/chest_open.png",
    "access_rules": [
      "$canAccessPoT,boomerang,dcs,sword4,irons,zoratunic,chainball"
    ],
    "sections": [
      {
        "name": "Graveyard Grave Switch Room Right Chest",
        "access_rules": [
          "$has_explosives"
        ],
        "item_count": 1
      },
      {
        "name": "Graveyard Grave Switch Room Front Left Small Chest",
        "access_rules": [
          "$has_explosives"
        ],
        "item_count": 1
      },
      {
        "name": "Graveyard Grave Switch Room Back Left Small Chest",
        "access_rules": [
          "$has_explosives"
        ],
        "item_count": 1
      },
      {
        "name": "Graveyard Owl Statue Chest",
        "access_rules": [
          "$has_explosives,lantern,dominion"
        ],
        "item_count": 1
      },
      {
        "name": "Dungeon Map Chest",
        "access_rules": [
          "boomerang"
        ],
        "item_count": 1
      },
      {
        "name": "East Castle Balcony Chest",
        "access_rules": [
          "boomerang"
        ],
        "item_count": 1
      },
      {
        "name": "West Courtyard Northern Small Chest",
        "item_count": 1
      },
      {
        "name": "West Courtyard Central Small Chest",
        "item_count": 1
      },
      {
        "name": "King Bublin Key",
        "item_count": 1
      },
      {
        "name": "Compass Chest",
        "access_rules": [
          "cs"
        ],
        "item_count": 1
      },
      {
        "name": "Lantern Staircase Chest",
        "access_rules": [
          "dcs,boomerang,lantern"
        ],
        "item_count": 1
      },
      {
        "name": "Main Hall Southwest Chest",
        "access_rules": [
          "dcs,boomerang,lantern, bow, lantern"
        ],
        "item_count": 1
      },
      {
        "name": "Main Hall Northwest Chest",
        "access_rules": [
          "dcs,boomerang,lantern, bow, lantern"
        ],
        "item_count": 1
      },
      {
        "name": "Southeast Balcony Tower Chest",
        "access_rules": [
          "dcs,boomerang,lantern, bow, lantern"
        ],
        "item_count": 1
      },
      {
        "name": "Big Key Chest",
        "access_rules": [
          "dcs,boomerang,lantern, bow, lantern"
        ],
        "item_count": 1
      },
      {
        "name": "Treasure Room First Chest",
        "access_rules": [
          "dcs,boomerang,lantern, bow, lantern,spinner"
        ],
        "item_count": 1
      },
      {
        "name": "Treasure Room Second Chest",
        "access_rules": [
          "dcs,boomerang,lantern, bow, lantern,spinner"
        ],
        "item_count": 1
      },
      {
        "name": "Treasure Room Third Chest",
        "access_rules": [
          "dcs,boomerang,lantern, bow, lantern,spinner"
        ],
        "item_count": 1
      },
      {
        "name": "Treasure Room Fourth Chest",
        "access_rules": [
          "dcs,boomerang,lantern, bow, lantern,spinner"
        ],
        "item_count": 1
      },
      {
        "name": "Treasure Room Fifth Chest",
        "access_rules": [
          "dcs,boomerang,lantern, bow, lantern, spinner"
        ],
        "item_count": 1
      },
      {
        "name": "Treasure Room First Small Chest",
        "access_rules": [
          "dcs,boomerang,lantern, bow, lantern,spinner"
        ],
        "item_count": 1
      },
      {
        "name": "Treasure Room Second Small Chest",
        "access_rules": [
          "dcs,boomerang,lantern, bow, lantern,spinner"
        ],
        "item_count": 1
      },
      {
        "name": "Treasure Room Third Small Chest",
        "access_rules": [
          "dcs,boomerang,lantern, bow, lantern,spinner"
        ],
        "item_count": 1
      },
      {
        "name": "Treasure Room Fourth Small Chest",
        "access_rules": [
          "dcs,boomerang,lantern, bow, lantern,spinner"
        ],
        "item_count": 1
      },
      {
        "name": "Treasure Room Fifth Small Chest",
        "access_rules": [
          "dcs,boomerang,lantern, bow, lantern,spinner"
        ],
        "item_count": 1
      },
      {
        "name": "Treasure Room Sixth Small Chest",
        "access_rules": [
          "dcs,boomerang,lantern, bow, lantern,spinner"
        ],
        "item_count": 1
      },
      {
        "name": "Treasure Room Seventh Small Chest",
        "access_rules": [
          "dcs,boomerang,lantern, bow, lantern,spinner"
        ],
        "item_count": 1
      },
      {
        "name": "Treasure Room Eighth Small Chest",
        "access_rules": [
          "dcs,boomerang,lantern, bow, lantern,spinner"
        ],
        "item_count": 1
      }
    ],
    "map_locations": [
      {
        "map": "Main",
        "x": 645.36,
        "y": 457
      }
    ]
  },
  {
    "name": "Lake Hylia Lanturn Cave",
    "chest_unopened_img": "images/chest_closed.png",
    "chest_opened_img": "images/chest_open.png",
    "access_rules": [
      "$can_smash"
    ],
    "sections": [
      {
        "name": "First Chest",
        "item_count": 1
      },
      {
        "name": "Second Chest",
        "item_count": 1
      },
      {
        "name": "Third Chest",
        "item_count": 1
      },
      {
        "name": "Fourth Chest",
        "item_count": 1
      },
      {
        "name": "Fifth Chest",
        "item_count": 1
      },
      {
        "name": "Sixth Chest (Lantern Chest)",
        "access_rules": [
          "lantern"
        ],
        "item_count": 1
      },
      {
        "name": "Seventh Chest",
        "item_count": 1
      },
      {
        "name": "Eighth Chest",
        "item_count": 1
      },
      {
        "name": "Nineth Chest",
        "item_count": 1
      },
      {
        "name": "Tenth Chest",
        "item_count": 1
      },
      {
        "name": "Eleventh Chest",
        "item_count": 1
      },
      {
        "name": "Twelfth Chest",
        "item_count": 1
      },
      {
        "name": "Thirteenth Chest",
        "item_count": 1
      },
      {
        "name": "Fourteenth Chest",
        "item_count": 1
      },
      {
        "name": "Heart Piece Chest",
        "access_rules": [
          "lantern"
        ],
        "item_count": 1
      }
    ],
    "map_locations": [
      {
        "map": "Main",
        "x": 489,
        "y": 696
      }
    ]
  },
  {
    "name": "Eldin Stockcave",
    "chest_unopened_img": "images/chest_closed.png",
    "chest_opened_img": "images/chest_open.png",
    "access_rules": [
      "cs"
    ],
    "sections": [
      {
        "name": "Dodongo Chest",
        "access_rules": [
          "cs,irons"
        ],
        "item_count": 1
      },
      {
        "name": "Lantern Chest",
        "access_rules": [
          "cs,irons, lantern"
        ],
        "item_count": 1
      },
      {
        "name": "Heart Piece Chest",
        "access_rules": [
          "cs,irons, lantern"
        ],
        "item_count": 1
      }
    ],
    "map_locations": [
      {
        "map": "Main",
        "x": 972,
        "y": 345
      }
    ]
  },
  {
    "name": "Kakariko Village",
    "chest_unopened_img": "images/chest_closed.png",
    "chest_opened_img": "images/chest_open.png",
    "sections": [
      {
        "name": "Inn Small Chest",
        "item_count": 1
      },
      {
        "name": "Barnes' Bomb Bag",
        "access_rules": [
          "shad2"
        ],
        "item_count": 1
      },
      {
        "name": "Eldin Spring Heart Piece Chest",
        "access_rules": [
          "$can_smash, irons"
        ],
        "item_count": 1
      },
      {
        "name": "Bomb Rock Spire Heart Piece",
        "access_rules": [
          "$shoot_pew, boomerang"
        ],
        "item_count": 1
      },
      {
        "name": "Graveyard Lantern Check",
        "access_rules": [
          "lantern"
        ],
        "item_count": 1
      },
      {
        "name": "Watchtower Chest",
        "item_count": 1
      },
      {
        "name": "Watchtower Alcove Chest",
        "access_rules": [
          "$can_smash"
        ],
        "item_count": 1
      },
      {
        "name": "Archery Heart Piece",
        "access_rules": [
          "$can_smash, irons"
        ],
        "item_count": 1
      },
      {
        "name": "Hylian Shield",
        "access_rules": [
          "shad1"
        ],
        "item_count": 1
      },
      {
        "name": "Hawkeye",
        "access_rules": [
          "shield3"
        ],
        "item_count": 1
      },
      {
        "name": "Zora Armor",
        "access_rules": [
          "lantern,irons,boomerang,bow,$has_explosives"
        ],
        "item_count": 1
      },
      {
        "name": "Coral Earring",
        "access_rules": [
          "entry2"
        ],
        "item_count": 1
      },
      {
        "name": "Renado's Letter",
        "access_rules": [
          "shard3"
        ],
        "item_count": 1
      },
      {
        "name": "Horse Call",
        "access_rules": [
          "charm"
        ],
        "item_count": 1
      }
    ],
    "map_locations": [
      {
        "map": "Main",
        "x": 964.92,
        "y": 667
      }
    ]
  },
  {
    "name": "Lanayru Spring",
    "chest_unopened_img": "images/chest_closed.png",
    "chest_opened_img": "images/chest_open.png",
    "sections": [
      {
        "name": "Underwater Left Small Chest",
        "access_rules": [
          "irons"
        ],
        "item_count": 1
      },
      {
        "name": "Underwater Right Small Chest",
        "access_rules": [
          "irons"
        ],
        "item_count": 1
      },
      {
        "name": "Southern Room Left Chest",
        "access_rules": [
          "cs"
        ],
        "item_count": 1
      },
      {
        "name": "Southern Room Right Chest",
        "access_rules": [
          "cs"
        ],
        "item_count": 1
      },
      {
        "name": "Heart Piece Chest",
        "access_rules": [
          "cs,lantern"
        ],
        "item_count": 1
      },
      {
        "name": "West Double Clawshot Chest",
        "access_rules": [
          "dcs"
        ],
        "item_count": 1
      },
      {
        "name": "East Double Clawshot Chest",
        "access_rules": [
          "dcs"
        ],
        "item_count": 1
      }
    ],
    "map_locations": [
      {
        "map": "Main",
        "x": 510,
        "y": 651
      }
    ]
  },
  {
    "name": "Hyrule Castle Town",
    "chest_unopened_img": "images/chest_closed.png",
    "chest_opened_img": "images/chest_open.png",
    "sections": [
      {
        "name": "East Small Chest",
        "access_rules": [
          "invoice"
        ],
        "item_count": 1
      },
      {
        "name": "Magic Armor",
        "access_rules": [
          "wallet2, lantern, irons, boomerang, bow, $has_explosives"
        ],
        "item_count": 1
      },
      {
        "name": "Donation Heart Piece",
        "item_count": 1
      },
      {
        "name": "STAR Challenge 1",
        "access_rules": [
          "cs"
        ],
        "item_count": 1
      },
      {
        "name": "STAR Challenge 2",
        "access_rules": [
          "dcs"
        ],
        "item_count": 1
      },
      {
        "name": "Jovani's Bottle",
        "access_rules": [
          "soul:20"
        ],
        "item_count": 1
      },
      {
        "name": "Invoice",
        "access_rules": [
          "entry2"
        ],
        "item_count": 1
      },
      {
        "name": "Agitha 1",
        "access_rules": [
          "bugs:1"
        ],
        "item_count": 1
      },
      {
        "name": "Agitha 2",
        "access_rules": [
          "bugs:2"
        ],
        "item_count": 1
      },
      {
        "name": "Agitha 3",
        "access_rules": [
          "bugs:3"
        ],
        "item_count": 1
      },
      {
        "name": "Agitha 4",
        "access_rules": [
          "bugs:4"
        ],
        "item_count": 1
      },
      {
        "name": "Agitha 5",
        "access_rules": [
          "bugs:5"
        ],
        "item_count": 1
      },
      {
        "name": "Agitha 6",
        "access_rules": [
          "bugs:6"
        ],
        "item_count": 1
      },
      {
        "name": "Agitha 7",
        "access_rules": [
          "bugs:7"
        ],
        "item_count": 1
      },
      {
        "name": "Agitha 8",
        "access_rules": [
          "bugs:8"
        ],
        "item_count": 1
      },
      {
        "name": "Agitha 9",
        "access_rules": [
          "bugs:9"
        ],
        "item_count": 1
      },
      {
        "name": "Agitha 10",
        "access_rules": [
          "bugs:10"
        ],
        "item_count": 1
      },
      {
        "name": "Agitha 11",
        "access_rules": [
          "bugs:11"
        ],
        "item_count": 1
      },
      {
        "name": "Agitha 12",
        "access_rules": [
          "bugs:12"
        ],
        "item_count": 1
      },
      {
        "name": "Agitha 13",
        "access_rules": [
          "bugs:13"
        ],
        "item_count": 1
      },
      {
        "name": "Agitha 14",
        "access_rules": [
          "bugs:14"
        ],
        "item_count": 1
      },
      {
        "name": "Agitha 15",
        "access_rules": [
          "bugs:15"
        ],
        "item_count": 1
      },
      {
        "name": "Agitha 16",
        "access_rules": [
          "bugs:16"
        ],
        "item_count": 1
      },
      {
        "name": "Agitha 17",
        "access_rules": [
          "bugs:17"
        ],
        "item_count": 1
      },
      {
        "name": "Agitha 18",
        "access_rules": [
          "bugs:18"
        ],
        "item_count": 1
      },
      {
        "name": "Agitha 19",
        "access_rules": [
          "bugs:19"
        ],
        "item_count": 1
      },
      {
        "name": "Agitha 20",
        "access_rules": [
          "bugs:20"
        ],
        "item_count": 1
      },
      {
        "name": "Agitha 21",
        "access_rules": [
          "bugs:21"
        ],
        "item_count": 1
      },
      {
        "name": "Agitha 22",
        "access_rules": [
          "bugs:22"
        ],
        "item_count": 1
      },
      {
        "name": "Agitha 23",
        "access_rules": [
          "bugs:23"
        ],
        "item_count": 1
      },
      {
        "name": "Agitha Final Bug",
        "access_rules": [
          "bugs:24"
        ],
        "item_count": 1
      }
    ],
    "map_locations": [
      {
        "map": "Main",
        "x": 640,
        "y": 515
      }
    ]
  },
  {
    "name": "Kakariko Gorge Lantern Cave",
    "chest_unopened_img": "images/chest_closed.png",
    "chest_opened_img": "images/chest_open.png",
    "sections": [
      {
        "name": "First Chest",
        "access_rules": [
          "$can_smash,lantern"
        ],
        "item_count": 1
      },
      {
        "name": "Second Chest",
        "access_rules": [
          "$can_smash,lantern"
        ],
        "item_count": 1
      },
      {
        "name": "Heart Piece Chest",
        "access_rules": [
          "$can_smash,lantern"
        ],
        "item_count": 1
      }

    ],
    "map_locations": [
      {
        "map": "Main",
        "x": 790.92,
        "y": 716
      }
    ]
  },
  {
    "name": "Bublin Camp",
    "chest_unopened_img": "images/chest_closed.png",
    "chest_opened_img": "images/chest_open.png",
    "sections": [
      {
        "name": "Outside Watchtower Small Chest",
        "access_rules": [
          "shadcrystal"
        ],
        "item_count": 1
      },
      {
        "name": "Inner Tent Small Chest",
        "access_rules": [
          "shadcrystal"
        ],
        "item_count": 1
      },
      {
        "name": "Cooked Boar Heart Piece",
        "access_rules": [
          "shadcrystal"
        ],
        "item_count": 1
      },
      {
        "name": "Outside Arbiter's Grounds Lantern Chest",
        "access_rules": [
          "shadcrystal,lantern"
        ],
        "item_count": 1
      }

    ],
    "map_locations": [
      {
        "map": "Main",
        "x": 179.96,
        "y": 562
      }
    ]
  }
]