﻿{
	"tracker_broadcast": 
	{
		"type": "array",
		"margin": "10",
		"content": 
		[
			{
				"type": "array",
				"orientation": "horizontal",
				"content": 
				[
					{
						"type": "array",
						"orientation": "vertical",
						"content": 
						[
							{
								"type": "array",
								"orientation": "horizontal",
								"content": 
								[
									{
										"type": "array",
										"orientation": "vertical",
										"content": 
										[
											{
												"type": "itemgrid",
												"h_alignment": "center",
												"item_size": 36,
												"item_margin": "0,0,10,5",
                        "rows": [
                           [ "rod", "slingshot", "lanturn", "boomerang", "irons", "bow" ],
                          [ "bomb1", "bomb2", "bomb3", "hawkeye", "clawshot", "spinner" ],
                          [ "chainball", "dominion", "bottle1", "bottle2", "bottle3", "bottle4" ],
                          [ "entry", "charm", "ghost", "sword1", "sword2", "sword3" ],
                          [ "poh", "container", "soul", "skills", "shield2", "shield3" ],
                          [ "wallethd", "bugs", "stamp", "postman", "scent1", "greentunic", "bluetunic", "redtunic" ]
                        ]
											},
                      {
                        "type": "itemgrid",
                        "h_alignment": "center",
                        "item_margin": "0,0,10,5",
                        "item_height": 50,
                        "item_width": 36,
                        "margin": "0,0",
                        "rows": [
                          [ "shard1", "shard2", "shard3", "shard4" ]
                        ]
                      },
										]
									},
									{
										"type": "array",
										"orientation": "vertical",
										"content": 
										[
											{
												"type": "array",
												"orientation": "vertical",
												"content": 
												[
													{
														"type": "itemgrid",
														"h_alignment": "center",
														"item_margin": "0,24",
														"item_height": 50,
														"item_width": 36,
														"margin": "0,3",
														"badge_font_size": 10,
														"rows": 
														[
															[ "shad1" ],
															[ "shad2" ],
															[ "shad3" ]
														]
													}
												]
											}
										]
									}
								]
							}
						]
					}
				]
			}
		]
	}
}