﻿[
  // Gale Boomerang
  {
    "name": "Boomerang",
    "type": "toggle",
    "img": "images/boomerang.png",
    "codes": "boomerang,rang"
  },
  // Bow
  {
    "name": "Bow",
    "type": "progressive",
    "stages": [
      {
        "img": "images/bow.png",
        "codes": "bow"
      },
      {
        "img": "images/bowquiver.png",
        "codes": "bow"
      }
    ]
  },
  // Progressive Clawshot
  {
    "name": "Clawshot",
    "type": "progressive",
    "stages": [
      {
        "img": "images/clawshot.png",
        "codes": "clawshot,cs"
      },
      {
        "img": "images/clawshot2.png",
        "codes": "clawshot2,dcs"
      }
    ]
  },
  //Spinner
  {
    "name": "Spinner",
    "type": "toggle",
    "img": "images/spinner.png",
    "codes": "spinner"
  },
  // Ball and Chain
  {
    "name": "Ball and Chain",
    "type": "toggle",
    "img": "images/chainball.png",
    "codes": "chainball"
  },
  // Dominion Rod
  {
    "name": "Dominion Rod",
    "type": "progressive",
	"stages": [
	{
	"img": "images/brokedominion.png",
	"codes": "brokedominion"
	},
	{
    "img": "images/dominion.png",
    "codes": "dominion"
	}
	]
  },
  // Fused Shadow 1
  {
    "name": "Shadow 1",
    "type": "toggle",
    "img": "images/shadow1.png",
    "codes": "shad1"
  },
  // Fused Shadow 2
  {
    "name": "Shadow 2",
    "type": "toggle",
    "img": "images/shadow2.png",
    "codes": "shad2"
  },
  // Fused Shadow 3
  {
    "name": "Shadow 3",
    "type": "toggle",
    "img": "images/shadow3.png",
    "codes": "shad3"
  },
  // Mirror Shard 1
  {
    "name": "Mirror Shard 1",
    "type": "toggle",
    "img": "images/shard1.png",
    "codes": "shard1"
  },
  // Mirror Shard 2
  {
    "name": "Mirror Shard 2",
    "type": "toggle",
    "img": "images/shard2.png",
    "codes": "shard2"
  },
  // Mirror Shard 3
  {
    "name": "Mirror Shard 3",
    "type": "toggle",
    "img": "images/shard3.png",
    "codes": "shard3"
  },
  // Mirror Shard 4
  {
    "name": "Mirror Shard 4",
    "type": "toggle",
    "img": "images/shard4.png",
    "codes": "shard4"
  }

]
